paper,year,dataset,representation,detector,drift_type,drift_detection,adaptation,ground_truth,temporal_evaluation,metrics,limitations,potential_gap,status,notes,doi_or_url
"What Supercomputers Say: A Study of Five System Logs",2007,"Five HPC/supercomputer logs including BGL","Raw system-event records","Empirical characterization; not a LAD model","Natural temporal variation","None","None","Alert category tags in BGL","Chronological operational logs","Descriptive statistics","Not an adaptive anomaly detector","Primary provenance and label semantics for BGL","screened-primary","Cite together with Loghub when using BGL","https://doi.org/10.1109/DSN.2007.103"
"Learning from Time-Changing Data with Adaptive Windowing",2007,"Synthetic and real data streams","Adaptive window statistics","ADWIN with Naive Bayes examples","General distribution/concept change","Statistical adaptive-window test","Window/model revision","Stream benchmarks","Prequential/stream evaluation","False positives; false negatives; predictive performance","Not log-specific; often monitors error and may require labels","Provides a naive drift-trigger baseline but not log-drift characterization","screened-primary","Use ADWIN as optional comparator on a scalar signal","https://doi.org/10.1137/1.9781611972771.42"
"A Survey on Concept Drift Adaptation",2014,"Survey","Taxonomy of changing P(X,Y)","Survey","Real and virtual; sudden; gradual; recurring","Multiple families","Retraining; weighting; ensembles; windows","Surveyed benchmarks","Stream-oriented evaluation","Predictive and drift-detection measures","Strict concept drift often concerns changing P(Y|X)","For this thesis distinguish virtual/log-distribution drift from real concept drift","screened-primary","Terminology authority","https://doi.org/10.1145/2523813"
"Drain: An Online Log Parsing Approach with Fixed Depth Tree",2017,"Five real-world log datasets; over 10M messages","Online templates from fixed-depth parse tree","Drain parser","Logging-statement/template evolution mentioned","Online clustering; not a drift detector","Parser updates clusters online","Parser benchmark labels","Streaming parsing","Parsing accuracy; runtime","Parser output can itself change and confound measured emergence","Freeze parser version/config and audit template churn separately","screened-primary","Selected parser family","https://doi.org/10.1109/ICWS.2017.13"
"DeepLog: Anomaly Detection and Diagnosis from System Logs through Deep Learning",2017,"HDFS and operational log data","Template/event sequences and parameters","LSTM next-event prediction","Not explicitly modeled","Prediction deviation","Operator feedback/model update discussed but no drift-aware policy","Dataset anomaly labels","Mostly fixed train/test model","Precision; recall; F1","Assumes learned normal sequence regime; unseen evolution can raise alarms","Suitable published detector behind a detector-agnostic policy","screened-primary","Recommended primary detector architecture","https://doi.org/10.1145/3133956.3134015"
"Robust Log-Based Anomaly Detection on Unstable Log Data",2019,"HDFS with injected evolution/noise and Microsoft service logs","Semantic event vectors and sequences","Attention Bi-LSTM classifier","Unstable events/sequences from evolution and processing noise","No explicit drift episode detector","Representation robustness rather than an explicit adapt decision","Synthetic evolution plus industrial labels","Cross-instability evaluation","Precision; recall; F1","Robustness is not a whether/when adaptation policy","Compare robustness against active adaptation; separate representation from policy","screened-primary","LogRobust","https://doi.org/10.1145/3338906.3338931"
"LogAnomaly: Unsupervised Detection of Sequential and Quantitative Anomalies in Unstructured Logs",2019,"BGL and HDFS","Template2Vec; sequential and quantitative patterns","LSTM-based unsupervised detector","New templates between periodic retrainings","Template similarity; no explicit drift episodes","Approximate new templates to existing vectors; periodic retraining context","Public anomaly labels","Fixed benchmark evaluation","Precision; recall; F1","Handles new templates through approximation rather than deciding when adaptation is justified","Strong main-detector alternative; policy gap remains","screened-primary","Directly uses BGL","https://doi.org/10.24963/ijcai.2019/658"
"Learning under Concept Drift: A Review",2020,"Survey of over 130 publications","Detection-understanding-adaptation framework","Survey","Multiple drift forms","Multiple families","Multiple adaptation families","Synthetic and real benchmarks","Stream evaluation","Drift and predictive metrics","General rather than log-specific","Supports treating characterization as drift understanding before adaptation","screened-primary","Framework aligns with RQ2 to RQ3 chain","https://arxiv.org/abs/2004.05785"
"HitAnomaly: Hierarchical Transformers for Anomaly Detection in System Log",2020,"Three log datasets","Template sequence semantics and parameter values","Hierarchical Transformer","Unseen templates/unstable logs considered","No separate drift episode detector","Robust model representation; no explicit policy","Dataset anomaly labels","Benchmark robustness evaluation","Detection metrics including F1","Model-centric and computationally heavier; no AD/FAR","Candidate secondary detector if resources permit","screened-primary","Not required for core implementation","https://doi.org/10.1109/TNSM.2020.3034647"
"LogBERT: Log Anomaly Detection via BERT",2021,"Three public log datasets","Normal log-event sequences","Self-supervised BERT","Not explicitly characterized","Deviation from learned normal patterns","No explicit adaptation policy","Dataset anomaly labels","Static train/test evaluation","Precision; recall; F1","Focuses detector quality rather than evolving-regime decisions","Useful secondary detector but outside minimum scope","screened-primary","Self-supervised comparator","https://arxiv.org/abs/2103.04475"
"Log-based Anomaly Detection with Deep Learning: How Far Are We?",2022,"Four public log datasets","Multiple parser/sequence pipelines","Five deep-learning LAD models","Dataset and evaluation variation rather than explicit drift episodes","None as a policy layer","None","Public labels with re-evaluated methodology","Comparative benchmark","Detection effectiveness and efficiency","Shows results are sensitive to data and evaluation choices","Motivates one frozen protocol shared across all policies","screened-primary","Methodological guardrail","https://doi.org/10.1109/ICSE43902.2022.00106"
"LogEncoder: Log-Based Contrastive Representation Learning for Anomaly Detection",2023,"Three benchmark datasets","Pretrained semantic vectors; contrastive and one-class objectives","Semi-supervised encoder","Distribution shift not the primary experimental object","Online/offline detection modes; no explicit drift characterization","No whether/when update policy","Dataset anomaly labels","Benchmark evaluation","Detection metrics","Representation learning focus; no controlled adaptation timing","Possible detector alternative; not the thesis contribution","screened-primary","Keep out of minimum implementation","https://doi.org/10.1109/TNSM.2023.3239522"
"Robust and Transferable Log-based Anomaly Detection",2023,"Large real-world log datasets across environments","Multiple log fields and invariant representations","RT-Log","Distribution shift across runtime environments","Environment generalization rather than online episode detection","Generalization; not explicit retraining decisions","Dataset anomaly labels","Cross-environment evaluation","Detection metrics","Avoids adaptation through invariant learning; does not evaluate whether/when to update","Useful robustness baseline category","screened-primary","RT-Log","https://doi.org/10.1145/3588918"
"LogOnline: A Semi-supervised Log-based Anomaly Detector Aided with Online Learning Mechanism",2023,"Two public log datasets","Normal sequence patterns","Semi-supervised online detector","Log instability and dissimilar new events","High-confidence normality selection before online updates","Continuous one-iteration online weight updates without labels/human intervention","Public dataset labels for evaluation","Online/evolving evaluation","Detection F1 and efficiency","Official abstract and OMLog's method comparison describe continuous updating; neither source reports AD/FAR or explicit transient/no-drift controls","Differentiate explicit decision layer and false-adaptation controls","reviewed-primary","Official ASE abstract reviewed; mechanism cross-checked in OMLog full text","https://doi.org/10.1109/ASE56229.2023.00043"
"EvLog: Identifying Anomalous Logs over Software Evolution",2023,"Two real-world software-evolution log datasets","Parser-free multi-level semantics","Unsupervised attention discriminator","Evolving events; parser errors; unstable sequences","No separate drift characterization policy","Robust detection across versions rather than model-update timing","Intra-version and inter-version anomaly labels","Explicit cross-version evaluation","F1","Targets individual anomalous logs and robustness rather than adaptation decisions","Use as strongest evidence that software evolution matters; policy gap remains","screened-primary","ISSRE 2023","https://arxiv.org/abs/2306.01509"
"Loghub: A Large Collection of System Log Datasets for AI-driven Log Analytics",2023,"19 public system-log datasets including BGL","Dataset collection","Benchmark resource","Natural dataset variation","None","None","Dataset-specific labels","Preserves available chronology","Dataset statistics","Not an adaptive method","Authoritative BGL distribution; licensing and citation source","screened-primary","BGL has 4,747,963 lines over 214.7 days","https://doi.org/10.1109/ISSRE59848.2023.00071"
"LogSD: Detecting Anomalies from System Logs through Self-Supervised Learning and Frequency-Based Masking",2024,"Public log benchmarks","Dual-network self-supervised representation","Semi-supervised detector","Not explicitly modeled as temporal drift","No policy-level drift detector","No explicit adaptation policy","Dataset anomaly labels","Benchmark evaluation","Detection metrics","Detector-centric; no whether/when adaptation analysis","Potential secondary detector only","screened-primary","Keep out of core scope","https://doi.org/10.1145/3660800"
"OMLog: Online Log Anomaly Detection for Evolving System with Meta-learning",2024,"HDFS and BGL","Sequence feature space","Semi-supervised online meta-learning detector","Event-type and frequency distribution shift","Maximum mean discrepancy distribution-gap detector","Conditionally switches online meta-learning versus offline fast inference","Public dataset anomaly labels","Stable HDFS and evolved BGL; five independent runs","Precision recall F1 training/detection time","Full text reports F1 and efficiency plus threshold sensitivity; it does not define adaptation delay/FAR or controlled transient/no-drift update controls","Novelty emphasizes multi-signal characterization and explicit AD/FAR/no-adapt protocol rather than conditional adaptation itself","reviewed-primary","Full arXiv v1 methods and evaluation reviewed 2026-09-25","https://arxiv.org/abs/2410.16612"
"Log-based Anomaly Detection for Evolving Software: An Incremental Deep-learning Approach",2026,"HDFS and industrial Ray logs","New and historical log representations","Transformer example with incremental fine-tuning","Changed/emerging log templates","Threshold on proportion of changed templates","Partial fine-tuning with herding or knowledge distillation","Public and industrial anomaly labels","Evolving-software evaluation","Detection effectiveness and efficiency","Closest published work; official article describes a changed-template-proportion trigger but does not expose AD/FAR or controlled transient/no-drift policy tests","Research gap does not claim first adaptive evolving-log LAD; it focuses on persistence/anomaly-aware decision quality and controlled policy evaluation","reviewed-primary","Official article method and evaluation description reviewed 2026-09-25","https://doi.org/10.1016/j.infsof.2026.108199"
